datetime,actual,baseline_pred,lstm_pred,tcn_pred,hour,dayofweek,is_weekend,abs_error,ape
2010-04-24 21:00:00,3.1433334,1.8189799995320577,1.6587875,1.5288434,21,5,True,1.484546,0.47228396
2010-04-24 22:00:00,3.0312,2.578389531463808,1.8929276,1.8156741,22,5,True,1.1382723,0.3755187
2010-04-25 01:00:00,2.7611334,1.3047687891410042,1.582145,1.4894797,1,6,True,1.1789885,0.42699438
2010-04-25 06:00:00,0.42626667,1.5653780185985249,1.2855029,0.9712835,6,6,True,0.85923624,2.0157247
2010-04-25 10:00:00,1.9056667,0.7678991086709451,0.7606385,0.81330264,10,6,True,1.1450282,0.6008544
2010-04-25 14:00:00,0.7066,1.8142004565124399,1.6579156,1.7210925,14,6,True,0.9513156,1.3463283
2010-04-26 15:00:00,1.7113667,0.7346338233616813,0.56279606,0.61847097,15,0,False,1.1485705,0.6711423
2010-04-26 19:00:00,1.4830333,0.7242988599808647,0.65512407,0.76266646,19,0,False,0.82790923,0.55825394
2010-04-26 22:00:00,2.1843333,1.349207121382011,0.91263574,1.0405331,22,0,False,1.2716975,0.5821902
2010-04-27 08:00:00,2.2631667,0.9163368958092845,1.3854052,1.3168228,8,1,False,0.8777615,0.3878466
2010-04-27 21:00:00,0.3497,0.6598011476516378,1.1326255,0.8747637,21,1,False,0.7829255,2.238849
2010-04-28 10:00:00,1.4462,0.9271573028240871,0.6757225,0.70140034,10,2,False,0.77047753,0.53276
2010-04-28 20:00:00,1.8294667,1.2989084603025929,1.0667089,1.4273982,20,2,False,0.7627578,0.41692904
2010-04-29 00:00:00,1.5426,0.43685857208500745,0.46875018,0.5334078,0,3,False,1.0738499,0.69612986
2010-04-29 20:00:00,0.37853333,1.242303231156059,1.3964812,1.1501359,20,3,False,1.0179478,2.6891892
2010-04-30 12:00:00,1.9986,0.8634645881070109,0.6139987,0.6980257,12,4,False,1.3846014,0.6927856
2010-04-30 13:00:00,0.977,1.8083300567989555,1.9170461,1.2759584,13,4,False,0.9400461,0.96217614
2010-04-30 14:00:00,1.4853333,1.1109836489739355,0.6677767,0.6805979,14,4,False,0.8175566,0.5504196
2010-04-30 17:00:00,2.8436334,1.0882252779003108,0.7524195,0.728446,17,4,False,2.091214,0.7354021
2010-04-30 18:00:00,0.7098333,2.3351250029032014,1.8435125,1.7500662,18,4,False,1.1336792,1.5971061
2010-05-01 11:00:00,2.6106,1.3204989051057288,1.0129721,1.0015057,11,5,True,1.5976279,0.6119773
2010-05-01 13:00:00,0.5086,1.5863135525747531,1.3430026,1.6236018,13,5,True,0.83440256,1.6405871
2010-05-01 14:00:00,2.5501,0.8563509791807085,0.9008504,0.79421663,14,5,True,1.6492497,0.6467392
2010-05-01 22:00:00,2.5912333,1.5042368084503046,1.4834872,1.1724595,22,5,True,1.107746,0.4274976
2010-05-02 07:00:00,1.5182333,0.6303564760881512,0.49946296,0.7065684,7,6,True,1.0187703,0.67102355
2010-05-02 11:00:00,1.6141666,1.063456224545099,0.7302325,1.025708,11,6,True,0.88393414,0.5476102
2010-05-02 12:00:00,3.5630667,1.6052207688209132,1.7651359,1.4597086,12,6,True,1.7979308,0.5046021
2010-05-02 13:00:00,3.5252333,2.9352654612216034,1.7692921,1.687529,13,6,True,1.7559412,0.49810636
2010-05-02 15:00:00,2.2805333,1.804035633052825,1.5158944,1.6597953,15,6,True,0.7646389,0.3352895
2010-05-02 19:00:00,3.7739,1.6701765822666488,1.6808921,1.7464728,19,6,True,2.093008,0.55460083
2010-05-02 20:00:00,2.5308,3.0079157008361235,1.6051736,1.5007927,20,6,True,0.9256265,0.36574462
2010-05-02 22:00:00,0.61793333,2.3235956365191606,1.940017,1.5856354,22,6,True,1.3220837,2.139525
2010-05-03 19:00:00,2.1568334,0.7577348692807196,0.8200596,0.9010935,19,0,False,1.3367739,0.6197854
2010-05-03 20:00:00,2.6444666,1.848811400532293,1.6604109,1.7493265,20,0,False,0.98405576,0.3721188
2010-05-05 09:00:00,2.3683,1.2379163121947028,1.2452749,1.1288439,9,2,False,1.1230251,0.47419038
2010-05-05 14:00:00,2.4275334,1.437676794096006,1.0232884,1.0425937,14,2,False,1.404245,0.5784658
2010-05-05 16:00:00,0.45446667,1.7459669844183816,1.2968981,1.6166625,16,2,False,0.8424314,1.8536705
2010-05-05 21:00:00,3.1247,1.6534034647508804,1.6424608,1.4644978,21,2,False,1.4822392,0.47436208
2010-05-07 20:00:00,2.2909667,1.3784496906952146,1.5150213,1.4485803,20,4,False,0.7759454,0.33869782
2010-05-08 01:00:00,2.1358333,0.8911647171143803,0.720579,0.824659,1,5,True,1.4152542,0.66262394
2010-05-08 09:00:00,2.4222333,0.7980330622922265,1.0888263,0.9172023,9,5,True,1.333407,0.5504866
2010-05-08 21:00:00,3.2730334,0.7233024217723759,0.5415681,0.52536577,21,5,True,2.7314653,0.8345364
2010-05-08 22:00:00,0.5933,2.6634942648013804,1.8314865,1.4563982,22,5,True,1.2381865,2.0869484
2010-05-09 10:00:00,2.589,0.9692924935192195,0.9012881,1.0785923,10,6,True,1.687712,0.65187794
2010-05-09 22:00:00,1.1152333,2.0400300579767787,1.9131495,1.3568146,22,6,True,0.7979162,0.7154702
2010-05-10 21:00:00,2.9157,2.0160890308977035,1.8408325,1.6518878,21,0,False,1.0748675,0.36864817
2010-05-11 20:00:00,1.0880667,1.782884026706435,2.0024765,1.8028064,20,1,False,0.91440976,0.8403986
2010-05-11 21:00:00,0.55586666,1.1144347888129578,1.58499,1.5310036,21,1,False,1.0291233,1.8513852
2010-05-12 07:00:00,2.4613333,0.9730182271196888,1.4747369,1.4923583,7,2,False,0.98659635,0.40083817
2010-05-12 14:00:00,2.9855332,1.426834981062631,1.0275497,1.0133922,14,2,False,1.9579835,0.6558237
2010-05-12 17:00:00,3.0760667,1.4084541621133613,1.2900115,1.1889962,17,2,False,1.7860552,0.5806295
2010-05-12 18:00:00,0.68693334,2.493520548218484,1.522885,1.5758834,18,2,False,0.8359516,1.2169327
2010-05-13 07:00:00,0.30286667,0.5797270718906791,1.222839,1.3420194,7,3,False,0.9199723,3.0375488
2010-05-13 09:00:00,0.36616668,1.3923862129406195,1.4909256,1.3193536,9,3,False,1.1247588,3.0717127
2010-05-13 18:00:00,2.9792333,1.0041402406090056,1.2679648,1.3975562,18,3,False,1.7112684,0.57439893
2010-05-13 19:00:00,1.3617333,2.4131769647591423,2.510347,2.0406785,19,3,False,1.1486136,0.84349376
2010-05-13 22:00:00,2.0181334,1.6459329241466638,1.0661589,1.2115247,22,3,False,0.9519745,0.47171038
2010-05-14 09:00:00,2.3980334,1.959253278064843,1.6429069,1.6509585,9,4,False,0.7551265,0.31489405
2010-05-15 07:00:00,1.9829333,0.8292434900848176,0.7012028,0.8398489,7,5,True,1.2817304,0.646381
2010-05-15 13:00:00,1.6464666,1.047058103059065,0.88496745,1.1081529,13,5,True,0.76149917,0.46250507
2010-05-15 19:00:00,1.9753,1.0062775586554384,1.1392215,1.2266223,19,5,True,0.8360784,0.42326656
2010-05-15 20:00:00,3.0841668,1.7857540324749812,1.9686477,1.8485051,20,5,True,1.115519,0.3616922
2010-05-15 21:00:00,3.7895668,2.5348378262694946,3.0497375,2.3665195,21,5,True,0.7398293,0.19522794
2010-05-15 23:00:00,3.8198333,2.326444534285494,2.4284873,1.8794924,23,5,True,1.391346,0.36424258
2010-05-16 09:00:00,1.7532,0.7884241440351362,0.8913962,0.9757218,9,6,True,0.8618038,0.49156046
2010-05-16 11:00:00,0.65146667,1.5103067654876257,1.4355059,1.4050663,11,6,True,0.7840392,1.2034986
2010-05-16 14:00:00,3.4861667,1.8078755908175101,1.6567789,1.6205711,14,6,True,1.8293878,0.52475625
2010-05-16 19:00:00,3.1688666,1.1923883154297203,1.4471576,1.6600957,19,6,True,1.721709,0.5433201
2010-05-19 13:00:00,0.34503335,1.5025236239948656,1.2461286,1.287446,13,2,False,0.9010952,2.6116178
2010-05-19 20:00:00,2.3201,1.1065489701312097,1.3774338,1.3429803,20,2,False,0.9426663,0.40630415
2010-05-19 21:00:00,1.1143667,1.9510770092069856,1.9487128,2.0794456,21,2,False,0.8343462,0.74871784
2010-05-20 18:00:00,1.4747334,0.6823788186603388,0.632357,0.76449513,18,3,False,0.84237635,0.57120585
2010-05-21 07:00:00,1.4021,0.6042539875566638,0.6012051,1.0001302,7,4,False,0.80089486,0.571211
2010-05-21 15:00:00,1.3532,0.8830072553061543,0.59272885,0.67612565,15,4,False,0.7604711,0.56197983
2010-05-22 07:00:00,1.8893334,0.9805752402075798,1.0030165,1.1948885,7,5,True,0.8863169,0.4691162
2010-05-22 11:00:00,2.9777334,1.9299312783144367,1.6221657,1.7276131,11,5,True,1.3555677,0.45523474
2010-05-22 19:00:00,1.6358666,0.8248019392411367,0.5493329,0.7974454,19,5,True,1.0865338,0.6641946
2010-05-22 20:00:00,2.6047666,1.5547871242765265,1.4820572,1.4813926,20,5,True,1.1227094,0.43102112
2010-05-23 09:00:00,2.0380666,0.8485304296804179,0.79027843,0.8732362,9,6,True,1.2477882,0.6122411
2010-05-23 21:00:00,1.9589334,0.9401921331204869,0.88879323,0.9791886,21,6,True,1.0701401,0.5462872
2010-05-24 07:00:00,0.5814667,1.0441542854610582,1.5429633,1.3916457,7,0,False,0.9614966,1.6535712
2010-05-24 20:00:00,2.2538333,1.2690465826534072,1.4123695,1.4475873,20,0,False,0.8414638,0.37334785
2010-05-24 21:00:00,2.447,1.9093720218557975,1.6329113,1.7557588,21,0,False,0.8140887,0.33268848
2010-05-26 08:00:00,2.3483,1.4350088298419026,1.3250517,1.2974143,8,2,False,1.0232483,0.43574002
2010-05-26 09:00:00,2.3270667,1.9909460040525726,1.508503,1.5578235,9,2,False,0.8185637,0.35175774
2010-05-26 19:00:00,2.6902,0.7873505546511774,1.0479997,1.1571352,19,2,False,1.6422004,0.610438
2010-05-29 07:00:00,1.8147334,0.7949035216067207,0.7673113,0.78285396,7,5,True,1.0474222,0.57717687
2010-05-29 10:00:00,2.6568666,1.3852425843556393,1.2099051,1.390994,10,5,True,1.4469614,0.544612
2010-05-29 11:00:00,1.0861334,2.305833720578306,2.0073571,1.9491353,11,5,True,0.92122376,0.8481682
2010-05-29 12:00:00,2.0979667,1.2476143042111691,0.9156558,1.3266141,12,5,True,1.1823108,0.56355083
2010-05-29 14:00:00,2.0310333,1.6418380652870304,1.2312928,1.311172,14,5,True,0.79974043,0.39376038
2010-05-29 18:00:00,3.412,1.3150784782474547,1.2516412,1.5247747,18,5,True,2.160359,0.633165
2010-05-29 21:00:00,2.2383,1.55955096722743,1.4136876,1.3959734,21,5,True,0.8246125,0.36841017
2010-05-29 23:00:00,2.2895668,1.8370659610467768,1.2234958,1.4907357,23,5,True,1.0660709,0.46562123
2010-05-30 01:00:00,1.4239,0.7854084234420639,0.41003495,0.70339125,1,6,True,1.013865,0.71203387
2010-05-30 10:00:00,1.6635667,0.9093676608117349,0.9055267,1.0925351,10,6,True,0.75804,0.45567155
2010-05-30 15:00:00,1.6644666,0.7776697720208837,0.8242309,0.62512255,15,6,True,0.8402357,0.5048078
2010-05-30 17:00:00,2.586,1.1587189968511513,0.75493264,0.92380905,17,6,True,1.8310673,0.7080693
2010-05-30 20:00:00,3.0043666,1.8922523127907955,2.037027,1.9380393,20,6,True,0.96733975,0.32197794
2010-05-30 22:00:00,0.49556667,1.9874313876328507,1.6914136,1.7314636,22,6,True,1.195847,2.4130902
2010-05-31 16:00:00,1.585,0.7619088462352984,0.5290621,0.5985025,16,0,False,1.055938,0.66620696
2010-05-31 18:00:00,1.7174333,1.2164839603447954,0.978276,0.9855293,18,0,False,0.7391573,0.43038487
2010-05-31 20:00:00,0.60013336,1.246591781601019,1.4127133,1.49305,20,0,False,0.81257993,1.3539989
2010-06-02 07:00:00,1.7422333,0.7668456320585035,0.58014786,1.0531099,7,2,False,1.1620854,0.66700906
2010-06-03 08:00:00,2.2531,1.5232970770370788,1.4459519,1.4090037,8,3,False,0.807148,0.35823888
2010-06-03 12:00:00,1.9338334,1.344086580672351,0.97798455,1.0798575,12,3,False,0.9558488,0.49427673
2010-06-03 13:00:00,2.3048,1.759653829810222,1.2900577,1.1259054,13,3,False,1.0147424,0.4402735
2010-06-03 20:00:00,0.39553332,1.2218737050581505,1.6402009,1.4893491,20,3,False,1.2446675,3.1468081
2010-06-04 01:00:00,1.3538333,0.32355001030163955,0.3623041,0.4315818,1,4,False,0.9915292,0.73238647
2010-06-04 21:00:00,1.8008333,0.6689727127531166,0.8308718,0.92332405,21,4,False,0.9699615,0.53861815
2010-06-05 00:00:00,1.9819334,1.065346061889828,0.9124779,0.8814759,0,5,True,1.0694554,0.5396021
2010-06-05 07:00:00,1.5862334,0.8413587791935159,0.7556761,0.9372855,7,5,True,0.8305573,0.52360344
2010-06-05 13:00:00,0.9036,2.12461967967775,1.8425286,1.6460798,13,5,True,0.9389286,1.0390977
2010-06-05 16:00:00,2.0770667,1.3099882781892855,1.1259494,1.165753,16,5,True,0.9511173,0.4579137
2010-06-05 18:00:00,2.0113,1.0736359684019625,0.99543977,1.2225704,18,5,True,1.0158603,0.50507647
2010-06-05 21:00:00,0.64893335,1.6111322703069928,1.4751695,1.3530899,21,5,True,0.8262362,1.273222
2010-06-05 22:00:00,3.0245667,0.8747798727429876,1.1392092,0.8347865,22,5,True,1.8853575,0.623348
2010-06-05 23:00:00,3.2483332,2.497807457928352,1.5549531,1.7779799,23,5,True,1.6933801,0.5213074
2010-06-06 00:00:00,2.7726,2.375194862441408,0.615713,1.10386,0,6,True,2.156887,0.7779294
2010-06-06 01:00:00,1.3972334,2.071436743972366,0.51935416,1.1868999,1,6,True,0.8778792,0.6282982
2010-06-06 12:00:00,2.4814334,0.7370398118243171,0.65198493,0.61848915,12,6,True,1.8294485,0.73725474
2010-06-06 16:00:00,2.7384,1.4750958574135558,1.0949125,1.1873978,16,6,True,1.6434875,0.6001634
2010-06-06 17:00:00,2.6080334,2.3367601377749683,1.8425692,1.6405493,17,6,True,0.7654642,0.29350245
2010-06-06 21:00:00,2.1411667,0.7713988432454995,0.9105083,0.94314194,21,6,True,1.2306584,0.5747607
2010-06-06 22:00:00,2.5723,1.8884747971925129,1.3158673,1.4751295,22,6,True,1.2564327,0.4884472
2010-06-07 21:00:00,0.9030667,1.0993240498059398,1.6897855,1.5788538,21,0,False,0.7867188,0.87116355
2010-06-08 20:00:00,1.0441,1.342841276442042,2.0314682,1.8374474,20,1,False,0.9873681,0.9456643
2010-06-09 13:00:00,2.4124,0.7920479515611537,0.60776865,0.714078,13,2,False,1.8046314,0.74806476
2010-06-09 16:00:00,0.36223334,1.0670868047785858,1.1086197,0.9300077,16,2,False,0.74638635,2.0605125
2010-06-11 06:00:00,1.6246667,0.45823090092798874,0.6273005,0.73366535,6,4,False,0.9973662,0.61388975
2010-06-11 19:00:00,1.7516667,0.7030171005958141,0.8725929,0.89876735,19,4,False,0.87907374,0.5018499
2010-06-11 20:00:00,0.5838,1.563194768500607,2.0043826,1.8655816,20,4,False,1.4205825,2.4333377
2010-06-12 07:00:00,1.6914667,0.8033217071078035,0.7498036,0.90832984,7,5,True,0.9416631,0.55671394
2010-06-12 12:00:00,2.1129334,1.1321001331968485,0.8193273,1.0140451,12,5,True,1.293606,0.61223227
2010-06-13 01:00:00,0.30836666,1.007033810854712,1.1179845,1.011741,1,6,True,0.8096179,2.625504
2010-06-13 10:00:00,2.9332666,0.874441275796541,0.970063,0.92911345,10,6,True,1.9632037,0.6692892
2010-06-13 13:00:00,2.1597667,1.1611126674214263,1.0181779,1.2174283,13,6,True,1.1415888,0.5285704
2010-06-13 15:00:00,0.6412,1.885556670868905,1.4378943,1.391256,15,6,True,0.79669434,1.2425052
2010-06-13 21:00:00,2.5643334,1.280850647728018,1.8241656,1.3168344,21,6,True,0.74016786,0.2886395
2010-06-14 12:00:00,1.8709667,1.380715811768896,1.0084296,1.0776953,12,0,False,0.862537,0.46101144
2010-06-15 11:00:00,1.2811667,0.9592853343159229,0.5325046,0.46243298,11,1,False,0.74866205,0.5843596
2010-06-15 13:00:00,1.5242667,1.2360098396699977,0.702024,0.7441596,13,1,False,0.82224274,0.53943497
2010-06-16 07:00:00,0.70413333,0.8663498868229756,1.6288812,1.7620008,7,2,False,0.9247479,1.3133136
2010-06-16 13:00:00,1.6327333,1.4113921914970269,0.89294,0.8248606,13,2,False,0.73979336,0.45310116
2010-06-16 15:00:00,1.5512667,1.0307651221430827,0.51014185,0.4380992,15,2,False,1.0411248,0.67114496
2010-06-17 13:00:00,1.6693333,1.3921889491539163,0.913404,0.98377776,13,3,False,0.75592935,0.4528331
2010-06-17 20:00:00,1.7558666,0.5845429426631419,0.7368134,0.7322561,20,3,False,1.0190532,0.5803705
2010-06-19 12:00:00,0.5093333,1.7384931696974553,1.347256,1.6127203,12,5,True,0.83792263,1.6451361
2010-06-19 13:00:00,1.6337,0.855900738600588,0.598987,0.6975013,13,5,True,1.034713,0.63335556
2010-06-19 16:00:00,1.7640667,0.876156985533699,0.6624668,0.7988908,16,5,True,1.1015999,0.6244661
2010-06-19 17:00:00,1.0338666,1.6754695001445912,1.8232808,1.6388222,17,5,True,0.78941417,0.7635551
2010-06-19 21:00:00,2.2919667,0.9030348621711242,1.1075144,1.136589,21,5,True,1.1844523,0.51678425
2010-06-20 17:00:00,1.9162333,0.8433797780877994,0.62708986,0.58182156,17,6,True,1.2891434,0.6727487
2010-06-20 18:00:00,2.6058667,1.763323990797582,1.8266118,1.5044923,18,6,True,0.7792549,0.29903868
2010-06-20 19:00:00,3.0546,2.2198235179819634,1.9858375,1.8434625,19,6,True,1.0687625,0.34988624
2010-06-21 14:00:00,1.5395,0.8959588605384915,0.45894742,0.7111198,14,0,False,1.0805526,0.7018854
2010-06-21 15:00:00,2.51,1.486853588020951,1.2802727,0.9216974,15,0,False,1.2297273,0.4899312
2010-06-21 16:00:00,0.3795,2.136032568066082,1.4607241,1.3183776,16,0,False,1.0812241,2.8490753
2010-06-21 17:00:00,1.3744,0.6728764461368937,0.52472377,0.5579217,17,0,False,0.84967625,0.6182161
2010-06-21 18:00:00,2.5162334,1.335860617308791,1.2774427,1.2168536,18,0,False,1.2387908,0.4923195
2010-06-21 22:00:00,2.3345666,1.279172898413826,1.4431328,1.0899655,22,0,False,0.89143384,0.38184124
2010-06-22 13:00:00,1.3182666,0.8863046653005806,0.52388036,0.47991568,13,1,False,0.79438627,0.6025991
2010-06-22 17:00:00,2.0802667,0.7253924774580777,0.7893052,0.76286376,17,1,False,1.2909615,0.620575
2010-06-23 10:00:00,2.0485334,1.3944505919074968,1.0825847,0.9840185,10,2,False,0.9659487,0.4715318
2010-06-23 18:00:00,1.7482667,0.7747335820636397,0.7092211,0.7390461,18,2,False,1.0390456,0.594329
2010-06-23 21:00:00,3.9411,1.205535556543989,1.2201422,1.3086646,21,2,False,2.7209578,0.69040567
2010-06-23 23:00:00,0.3716,1.381527631665871,1.4228336,1.0875406,23,2,False,1.0512335,2.8289385
2010-06-26 10:00:00,1.8389333,1.0861660851423505,0.93270457,0.90582776,10,5,True,0.9062288,0.4928013
2010-06-26 11:00:00,0.8350667,1.7461227578367406,1.6724701,1.4757123,11,5,True,0.8374034,1.0027983
2010-06-26 19:00:00,0.35506666,1.4115106375015043,1.1332594,1.2457092,19,5,True,0.77819276,2.1916807
2010-06-27 09:00:00,1.5325333,0.6778772471930103,0.5559025,0.6184715,9,6,True,0.9766308,0.6372656
2010-06-27 13:00:00,1.6409667,1.2229200743585555,0.8319921,0.95889604,13,6,True,0.80897456,0.4929866
2010-06-27 22:00:00,2.0669334,0.9995141733074081,0.91972893,1.0191106,22,6,True,1.1472044,0.55502725
2010-06-28 15:00:00,1.6852,1.1483077693260546,0.6703509,0.674354,15,0,False,1.0148491,0.60221285
2010-06-28 17:00:00,1.6614333,1.132474055959665,0.768121,0.93546444,17,0,False,0.89331234,0.5376757
2010-06-28 23:00:00,2.1018333,1.5735340281973182,1.2590312,1.1377963,23,0,False,0.84280217,0.4009843
2010-06-29 10:00:00,1.9202666,1.5070113707472035,1.0517077,0.9491146,10,1,False,0.8685589,0.4523116
2010-06-29 22:00:00,2.3195,1.5409041670150394,1.4832165,1.1829388,22,1,False,0.83628345,0.3605447
2010-06-29 23:00:00,0.4538,1.9558861371991392,1.4441593,1.582181,23,1,False,0.9903593,2.1823697
2010-07-01 00:00:00,3.3290334,1.5040839422707464,1.3224518,0.96977895,0,3,False,2.0065815,0.60275203
2010-07-01 01:00:00,0.867,2.3830587539802774,1.7696273,1.781754,1,3,False,0.90262735,1.0410928
2010-07-01 19:00:00,0.4723,1.3068196507974017,1.2139771,1.354758,19,3,False,0.7416771,1.5703517
2010-07-02 03:00:00,1.6122,0.5278990532164523,0.32624882,0.53672725,3,4,False,1.2859511,0.79763746
2010-07-02 17:00:00,0.5032333,1.183996982354948,1.3339304,1.3366275,17,4,False,0.83069706,1.6507195
2010-07-03 02:00:00,1.4909333,0.6083884502013563,0.38330853,0.4769488,2,5,True,1.1076248,0.742907
2010-07-03 22:00:00,1.7139,1.2040068522693028,0.91961807,1.2043817,22,5,True,0.7942819,0.46343538
2010-07-04 07:00:00,2.2191334,1.4467878991103613,1.351334,1.2300766,7,6,True,0.8677994,0.3910533
2010-07-04 12:00:00,0.29693332,1.3359965833859877,1.0698184,1.0492427,12,6,True,0.7728851,2.602891
2010-07-04 21:00:00,1.3955,0.7213438195414743,0.53613555,0.48769194,21,6,True,0.8593644,0.6158111
2010-07-07 14:00:00,1.4143667,0.8122151285309689,0.535771,0.5909829,14,2,False,0.8785957,0.6211937
2010-07-08 07:00:00,1.5392333,0.6970883704324256,0.80334044,1.1448352,7,3,False,0.7358929,0.47809055
2010-07-08 14:00:00,1.8475333,1.1729743379349373,0.691736,0.61659133,14,3,False,1.1557974,0.62558943
2010-07-08 16:00:00,1.6610667,1.0225515015063018,0.64814234,0.6054261,16,3,False,1.0129243,0.60980356
2010-07-08 17:00:00,0.3451,1.5366880427518623,1.585663,1.2839776,17,3,False,1.2405629,3.5947926
2010-07-08 20:00:00,1.9543,0.782783582717192,1.147606,1.2131299,20,3,False,0.80669403,0.412779
2010-07-09 22:00:00,1.4650333,0.7710722830256989,0.64397335,0.8860519,22,4,False,0.82105994,0.56043774
2010-07-10 03:00:00,1.1348333,0.5255053430676436,0.37276322,0.43384808,3,5,True,0.7620701,0.671526
2010-07-10 09:00:00,1.9883333,0.8021450460313723,0.8496225,0.7932731,9,5,True,1.1387109,0.57269615
2010-07-10 11:00:00,0.48613334,1.2025384249418907,1.2348986,1.1588043,11,5,True,0.74876523,1.5402466
2010-07-10 14:00:00,2.083,1.5553143065965358,1.2850808,1.3211942,14,5,True,0.79791915,0.38306248
2010-07-11 10:00:00,1.5354333,0.7854645969350427,0.7220292,0.66827774,10,6,True,0.8134041,0.5297554
2010-07-11 19:00:00,1.9487333,0.9712718401282442,1.0707841,1.3177376,19,6,True,0.87794924,0.45052302
2010-07-11 23:00:00,2.5947666,1.6539266004254936,1.347641,1.1471,23,6,True,1.2471256,0.48063114
2010-07-12 21:00:00,1.9975667,1.3928955270551295,1.1613693,1.4619026,21,0,False,0.8361974,0.41860798
2010-07-12 22:00:00,1.8635666,1.728839265402951,1.0159302,1.2523029,22,0,False,0.84763646,0.45484635
2010-07-13 13:00:00,1.4215,0.8345031570702587,0.6043872,0.64516145,13,1,False,0.81711274,0.57482433
2010-07-14 21:00:00,2.2807333,0.999998046765093,1.2531514,1.4459246,21,2,False,1.0275819,0.45054892
2010-07-14 22:00:00,3.1088667,1.9181335360348362,1.3985722,1.1768057,22,2,False,1.7102945,0.5501344
2010-07-14 23:00:00,3.1291,2.488167041566538,1.5578378,1.5316131,23,2,False,1.5712622,0.5021451
2010-07-15 00:00:00,2.5531666,2.2270604913059757,1.8055695,1.6618149,0,3,False,0.7475971,0.29281172
2010-07-15 12:00:00,0.5487667,1.2438598196674335,1.3631833,0.93866986,12,3,False,0.8144166,1.4840853
2010-07-15 21:00:00,1.7314,0.7208181077932202,0.900277,0.9633962,21,3,False,0.831123,0.48002946
2010-07-15 22:00:00,2.3951333,1.542647450327165,0.9414845,0.75430524,22,3,False,1.4536488,0.60691774
2010-07-16 07:00:00,0.27836666,0.5613469787891421,1.1630719,1.0118561,7,4,False,0.8847052,3.178201
2010-07-17 09:00:00,1.3840667,0.7321042120417005,0.50655013,0.6037004,9,5,True,0.87751657,0.63401324
2010-07-18 07:00:00,1.1619667,0.5869958349761366,0.40462434,0.55381155,7,6,True,0.75734234,0.6517763
2010-07-19 00:00:00,0.3711,1.111531612242755,1.281235,1.1207309,0,0,False,0.910135,2.4525328
2010-07-19 22:00:00,1.2311,0.6298695476349537,0.43948114,0.5062391,22,0,False,0.7916188,0.64301753
2010-07-20 20:00:00,1.6181667,0.8262480680445071,0.8354412,1.378075,20,1,False,0.7827255,0.4837113
2010-07-21 22:00:00,1.6014,0.6902641875792408,0.7269372,0.88650686,22,2,False,0.87446284,0.54606146
2010-07-21 23:00:00,2.8781333,1.4624135841996617,0.88230574,0.7875465,23,2,False,1.9958276,0.69344515
2010-07-22 00:00:00,2.6749334,2.056290595221701,1.434061,1.6206713,0,3,False,1.2408724,0.46388906
2010-07-22 14:00:00,1.3246,0.6875650477105316,0.5646007,0.50219774,14,3,False,0.7599993,0.5737576
2010-07-23 01:00:00,1.2643334,0.47985234010734024,0.36891448,0.4808818,1,4,False,0.8954189,0.7082142
2010-07-23 03:00:00,1.2449666,0.5760294449671269,0.38435382,0.51316184,3,4,False,0.8606128,0.6912738
2010-07-23 09:00:00,1.4133667,0.8707690784761138,0.67122245,0.6609267,9,4,False,0.7421442,0.5250897
2010-07-24 14:00:00,0.34243333,1.045159371980054,1.1250033,1.0927666,14,5,True,0.78257,2.2853208
2010-07-24 21:00:00,1.7543,0.9044671095670196,0.7257743,1.0900608,21,5,True,1.0285257,0.5862884
2010-07-25 10:00:00,1.3948333,0.7141082291463422,0.61109334,0.59195936,10,6,True,0.78374,0.5618879
2010-07-25 23:00:00,2.8313668,0.8787369685391561,0.6388109,0.68099034,23,6,True,2.192556,0.77438074
2010-07-26 08:00:00,1.7709,0.5876140464587303,0.79078907,0.8118557,8,0,False,0.98011094,0.55345356
2010-07-26 09:00:00,0.41243333,1.5951422196118759,1.2064332,1.2044386,9,0,False,0.79399985,1.9251593
2010-07-27 08:00:00,0.27533334,0.5770525002782054,1.1987418,0.717654,8,1,False,0.92340845,3.3537836
2010-07-28 07:00:00,1.5366666,0.6308272790731131,0.7108022,0.64069414,7,2,False,0.82586443,0.5374389
2010-07-29 07:00:00,1.2340333,0.5090577636402045,0.4720509,0.6451877,7,3,False,0.76198244,0.6174731
2010-07-30 17:00:00,1.2049667,0.6205402472605749,0.44419742,0.5127724,17,4,False,0.76076925,0.63136125
2010-08-03 16:00:00,1.3614,0.711936565850589,0.5154229,0.5810831,16,1,False,0.8459771,0.6214023
2010-08-04 04:00:00,1.1549333,0.4376163731905823,0.38881946,0.46743566,4,2,False,0.7661139,0.66334033
2010-08-06 03:00:00,1.2259,0.3665906970255942,0.35669518,0.42207396,3,4,False,0.8692049,0.709034
2010-08-08 02:00:00,1.1826333,0.39852683897871033,0.34260827,0.396784,2,6,True,0.840025,0.7103005
2010-08-10 01:00:00,1.249,0.3587795921517444,0.353904,0.43784076,1,1,False,0.89509594,0.7166501
2010-08-11 01:00:00,1.1349334,0.41347305872649326,0.34623277,0.40765452,1,2,False,0.7887006,0.6949312
2010-08-13 12:00:00,1.1694,0.6415155039897101,0.4311183,0.47916257,12,4,False,0.73828167,0.63133377
2010-08-14 00:00:00,1.1578,0.4413813830616164,0.3633229,0.36883098,0,5,True,0.79447705,0.68619543
2010-08-15 11:00:00,1.2265667,0.7234460172628314,0.4380725,0.53674126,11,6,True,0.78849417,0.6428466
2010-08-15 15:00:00,0.4085,1.1710923393144017,1.4878742,1.3392879,15,6,True,1.0793742,2.642287
2010-08-15 16:00:00,1.8561,0.7585448170743856,1.1076996,0.9670279,16,6,True,0.74840033,0.4032112
2010-08-15 18:00:00,2.1767,1.7475441962307237,0.9800185,1.265245,18,6,True,1.1966816,0.5497687
2010-08-15 21:00:00,0.9719667,1.2446800792762125,1.9133462,1.7174361,21,6,True,0.9413795,0.9685306
2010-08-16 11:00:00,0.2498,1.3412422919541025,1.1286985,1.1601615,11,0,False,0.8788985,3.5184088
2010-08-23 07:00:00,1.3092667,0.573271146792649,0.37682128,0.783048,7,0,False,0.9324454,0.7121891
2010-08-25 07:00:00,1.1821333,0.563624952747264,0.36719036,0.9347379,7,2,False,0.81494296,0.68938327
2010-08-25 08:00:00,1.8391334,1.1586659221091846,0.89986205,1.0976236,8,2,False,0.93927133,0.5107141
2010-08-27 12:00:00,2.1425333,1.4961588410139428,1.060363,1.0295678,12,4,False,1.0821702,0.5050891
2010-08-27 14:00:00,2.9965668,1.6396826869059176,1.3515731,1.3418962,14,4,False,1.6449937,0.54895943
2010-08-27 17:00:00,1.7782333,0.9288094124713276,0.774364,0.93658674,17,4,False,1.0038693,0.5645318
2010-08-27 18:00:00,2.8016334,1.5975773960355064,1.1579844,1.0432155,18,4,False,1.643649,0.5866753
2010-08-27 19:00:00,3.0526667,2.2811879564901543,1.4651409,1.6453805,19,4,False,1.5875257,0.5200456
2010-08-28 12:00:00,2.5922334,1.4913835610565478,1.2497816,1.3479891,12,5,True,1.3424518,0.5178746
2010-08-29 12:00:00,2.5704,1.5502958084350786,1.3021247,1.335824,12,6,True,1.2682753,0.49341553
2010-08-29 17:00:00,1.4337667,0.7217221943163461,0.41537648,0.5193168,17,6,True,1.0183902,0.71029
2010-08-29 21:00:00,3.2345,1.9213407659387376,1.9233754,2.0203738,21,6,True,1.3111246,0.4053562
2010-08-30 11:00:00,1.5097,1.0263534000244998,0.6780982,0.62491524,11,0,False,0.83160174,0.55083907
2010-08-30 13:00:00,2.2182333,1.6279920721214656,1.2486589,1.2528822,13,0,False,0.96957445,0.43709308
2010-08-30 17:00:00,0.3625,1.560732281799479,1.3719305,1.4273032,17,0,False,1.0094304,2.7846355
2010-08-30 21:00:00,2.2422333,0.9580468671351775,1.332447,1.4205482,21,0,False,0.9097862,0.40575004
2010-09-01 10:00:00,1.9099333,0.9773682492959209,0.8127496,0.6161531,10,2,False,1.0971837,0.57446176
2010-09-01 20:00:00,1.8614334,0.7390746299006532,0.79102457,1.0061018,20,2,False,1.0704088,0.57504547
2010-09-02 07:00:00,0.7744333,1.0219411033451298,1.6098018,1.494672,7,3,False,0.83536845,1.0786835
2010-09-02 20:00:00,2.4065,0.8268152127716947,1.3924807,1.4617637,20,3,False,1.0140194,0.42136684
2010-09-03 20:00:00,2.3058667,0.7231456278840446,1.456734,1.3351716,20,4,False,0.8491328,0.36824885
2010-09-04 07:00:00,1.9570333,0.8383520406348698,1.1466554,1.407259,7,5,True,0.81037784,0.41408485
2010-09-04 18:00:00,1.6102,0.8356023121616525,0.79478335,1.0254612,18,5,True,0.8154167,0.5064071
2010-09-05 09:00:00,0.43196666,1.3609440664451125,1.2466905,1.249059,9,6,True,0.81472385,1.8860804
2010-09-05 20:00:00,1.0963666,1.3683428585619342,1.8560069,1.8253429,20,6,True,0.7596402,0.6928706
2010-09-06 06:00:00,1.5419333,0.4359804827954581,0.6100265,0.86380064,6,0,False,0.9319068,0.6043756
2010-09-06 10:00:00,0.54836667,1.383194251403999,1.2976346,1.3972226,10,0,False,0.74926794,1.366363
2010-09-06 12:00:00,1.2417667,0.6502415639645436,0.4042712,0.49001008,12,0,False,0.8374955,0.6744387
2010-09-06 17:00:00,2.4976666,1.3627477505563865,1.0739098,0.9969265,17,0,False,1.4237568,0.5700348
2010-09-06 18:00:00,0.8907,2.0907374366940865,1.8570215,1.5054291,18,0,False,0.96632147,1.0849012
2010-09-07 12:00:00,0.48646668,1.178935467299707,1.8157635,1.1597186,12,1,False,1.3292968,2.7325547
2010-09-07 19:00:00,2.7609334,1.1056921869957432,1.1030616,1.0461727,19,1,False,1.6578718,0.60047513
2010-09-07 22:00:00,2.4007666,1.892229652739636,1.5500504,1.3977306,22,1,False,0.85071623,0.3543519
2010-09-08 10:00:00,0.46386668,1.3886766960474453,1.2257619,1.2876393,10,2,False,0.7618952,1.6424874
2010-09-08 19:00:00,0.7245333,1.4869328967535576,1.6986306,1.6995173,19,2,False,0.97409725,1.3444479
2010-09-09 21:00:00,1.2951666,2.159519699373282,2.1425948,2.2653782,21,3,False,0.8474282,0.6543005
2010-09-10 08:00:00,0.31983334,1.503151123302764,1.8151379,1.5091178,8,4,False,1.4953046,4.675262
2010-09-10 18:00:00,2.1483,1.1253040676949078,1.2465998,1.080016,18,4,False,0.90170014,0.4197273
2010-09-10 20:00:00,2.3795,1.5875193786976456,1.5231714,1.5977612,20,4,False,0.8563285,0.3598775
2010-09-10 22:00:00,2.3522,1.7694783210411527,1.4540659,1.3410792,22,4,False,0.8981341,0.38182727
2010-09-11 07:00:00,1.6514,0.8703558025388293,0.79867387,1.1809748,7,5,True,0.8527261,0.5163656
2010-09-11 11:00:00,0.42766666,1.3987410249564673,1.3429685,1.3424368,11,5,True,0.9153018,2.1402225
2010-09-13 13:00:00,1.2969,0.6216800662268438,0.4486251,0.496365,13,0,False,0.84827495,0.6540789
2010-09-14 09:00:00,2.1934333,1.3623301172686428,1.3459101,1.3072631,9,1,False,0.8475232,0.38639116
2010-09-14 10:00:00,0.9704667,1.8983925924905045,1.7954551,1.80857,10,1,False,0.8249884,0.85009456
2010-09-14 11:00:00,1.7899,1.0835678316219266,0.8856311,0.86885214,11,1,False,0.90426886,0.50520635
2010-09-14 12:00:00,0.5667667,1.6517337783472157,1.4667346,0.81684875,12,1,False,0.89996797,1.5878985
2010-09-14 18:00:00,1.5987,0.7468597035806394,0.83926064,0.80239516,18,1,False,0.7594394,0.47503558
2010-09-15 19:00:00,0.20803334,1.0439609123564426,1.0238152,0.8631314,19,2,False,0.81578183,3.9213996
2010-09-16 11:00:00,1.34,0.7742294291874443,0.4806158,0.39079905,11,3,False,0.85938424,0.6413315
2010-09-16 20:00:00,2.9843,1.3141297588429697,2.0983815,2.0554333,20,3,False,0.8859184,0.2968597
2010-09-17 16:00:00,2.9641666,1.550435477642865,1.6624491,1.4090586,16,4,False,1.3017175,0.43915126
2010-09-17 19:00:00,2.9272,1.695574586878056,1.5368111,1.591976,19,4,False,1.390389,0.47498938
2010-09-17 20:00:00,2.8731334,2.3536363636941298,1.9784832,1.5806984,20,4,False,0.8946502,0.31138486
2010-09-17 21:00:00,0.57383335,2.31140389575559,1.8224595,1.6186002,21,4,False,1.2486261,2.1759386
2010-09-18 07:00:00,1.804,0.7969354075826869,0.8844511,1.3256437,7,5,True,0.9195489,0.5097278
2010-09-18 19:00:00,1.5119,0.9394707363546385,0.70281196,0.755509,19,5,True,0.809088,0.53514653
2010-09-19 18:00:00,1.6387334,0.6764308099253213,0.50152624,0.529779,18,6,True,1.1372072,0.69395494
2010-09-20 07:00:00,2.1169667,0.7496240262249266,1.2772429,1.3756489,7,0,False,0.8397238,0.3966637
2010-09-20 12:00:00,2.1722667,1.0267337282762536,0.5207453,0.7543565,12,0,False,1.6515214,0.7602756
2010-09-20 21:00:00,2.5983667,1.7669673693452905,1.7360103,1.5251265,21,0,False,0.8623564,0.33188403
2010-09-21 20:00:00,2.0710332,0.7498403106361998,1.3337045,1.3961601,20,1,False,0.73732877,0.35601977
2010-09-22 07:00:00,2.0355334,0.7109907253664588,1.1777408,1.4019371,7,2,False,0.8577926,0.42140925
2010-09-22 13:00:00,1.4374666,0.9308920471253729,0.6735265,0.68201864,13,2,False,0.7639401,0.5314489
2010-09-23 07:00:00,2.5547,0.8133836329646141,1.4583613,1.8399162,7,3,False,1.0963386,0.42914575
2010-09-23 12:00:00,1.5701,0.9884260575050855,0.53982365,0.44727832,12,3,False,1.0302763,0.65618515
2010-09-23 20:00:00,0.96793336,1.180761849562118,1.9813013,1.9361821,20,3,False,1.0133679,1.0469397
2010-09-25 07:00:00,0.146,0.48061757376793235,0.8947023,0.82561636,7,5,True,0.7487023,5.128098
2010-09-25 08:00:00,0.146,0.5143338800545951,1.315826,0.6197159,8,5,True,1.169826,8.012507
2010-09-25 09:00:00,0.146,0.5436492655436982,1.1108916,0.5337795,9,5,True,0.96489155,6.608846
2010-09-28 19:00:00,1.7526,0.47609585607433536,0.4206096,0.50801206,19,1,False,1.3319904,0.7600082
2010-09-29 07:00:00,2.4926,0.8381211899105357,0.8870667,1.6075461,7,2,False,1.6055332,0.6441199
2010-09-29 15:00:00,1.6014333,1.225269906376555,0.8616929,0.7641052,15,2,False,0.7397404,0.46192393
2010-09-30 07:00:00,2.6383667,0.9940200325416043,1.831512,1.9780854,7,3,False,0.8068547,0.305816
2010-09-30 18:00:00,2.0233333,0.8518237213713334,1.1052792,1.0973297,18,3,False,0.9180541,0.4537335
2010-09-30 19:00:00,0.73043334,1.750138470474372,2.0476465,2.0241542,19,3,False,1.3172132,1.8033311
2010-09-30 20:00:00,0.44453335,0.8605427775847264,1.3582268,1.3947042,20,3,False,0.9136934,2.0553992
2010-10-01 07:00:00,2.3709,0.8109227296440272,1.1580188,1.3359435,7,4,False,1.2128811,0.5115699
2010-10-01 09:00:00,0.4616,1.362879362314017,1.2531694,1.2820958,9,4,False,0.7915694,1.7148384
2010-10-01 11:00:00,1.5200666,0.7096662579058077,0.48863703,0.48335308,11,4,False,1.0314295,0.6785423
2010-10-01 12:00:00,2.4493666,1.4598975460932389,1.3106291,1.354384,12,4,False,1.1387374,0.46491098
2010-10-01 16:00:00,1.7117667,1.119646827206123,0.8475318,1.0074152,16,4,False,0.8642349,0.50487894
2010-10-01 17:00:00,0.35443333,1.5600454308543967,1.537638,1.4538302,17,4,False,1.1832047,3.3382998
2010-10-01 20:00:00,0.7974667,1.1281518905578638,1.8020364,1.8387139,20,4,False,1.0045698,1.2597013
2010-10-01 21:00:00,2.1828334,0.8958701518941107,1.2303703,1.1600534,21,4,False,0.95246315,0.43634257
2010-10-02 07:00:00,2.1751666,0.9416474309865992,1.3157619,1.3413159,7,5,True,0.8594047,0.39509833
2010-10-02 09:00:00,0.49213332,1.6737641492718622,1.5969559,1.6077023,9,5,True,1.1048226,2.244966
2010-10-02 14:00:00,1.8700666,1.0039341083978988,0.93451643,0.9156309,14,5,True,0.9355502,0.5002764
2010-10-02 20:00:00,3.9403,1.4562973882236556,1.9396415,1.9490998,20,5,True,2.0006585,0.5077427
2010-10-02 21:00:00,3.7497334,3.1016452866496067,2.2316222,2.469036,21,5,True,1.5181112,0.40485844
2010-10-03 00:00:00,0.3721,1.244438739367447,1.3305061,1.1254047,0,6,True,0.9584061,2.575668
2010-10-03 09:00:00,2.2386,1.192105413335676,1.2519639,0.98083603,9,6,True,0.98663616,0.44073802
2010-10-03 11:00:00,3.395,2.1231579088337464,2.0112839,1.8468177,11,6,True,1.3837161,0.4075747
2010-10-03 12:00:00,0.9115667,2.8012389726296147,2.1834562,2.3183813,12,6,True,1.2718894,1.3952786
2010-10-03 14:00:00,1.9401,0.8309041380373158,0.86956817,0.99215543,14,6,True,1.0705318,0.5517921
2010-10-03 17:00:00,0.48156667,1.14063559385961,1.274088,1.1223482,17,6,True,0.79252136,1.6457148
2010-10-03 19:00:00,2.3235667,0.8969994602497962,1.3382043,1.3783294,19,6,True,0.9853624,0.42407322
2010-10-03 20:00:00,3.3895333,2.005291338974867,2.2166438,2.6505613,20,6,True,1.1728895,0.34603274
2010-10-04 07:00:00,2.6861,1.1196779167555841,1.9453082,2.3476822,7,0,False,0.7407918,0.27578712
2010-10-04 12:00:00,2.3162668,0.915574427769063,0.6870502,0.8895627,12,0,False,1.6292166,0.70338035
2010-10-04 13:00:00,0.7096,2.0123613686316104,1.8992862,1.4739115,13,0,False,1.1896862,1.676559
2010-10-04 18:00:00,1.7182,0.6677868040001518,0.6876234,0.7337732,18,0,False,1.0305766,0.59980017
2010-10-04 20:00:00,3.0398333,1.713894987216659,2.2647943,2.41319,20,0,False,0.77503896,0.254961
2010-10-05 14:00:00,2.0899334,1.4219215102324476,1.0101088,1.0658025,14,1,False,1.0798246,0.5166789
2010-10-06 07:00:00,2.5970666,0.8255135162443824,1.4242467,1.705997,7,2,False,1.17282,0.4515941
2010-10-06 19:00:00,0.5906,0.9478848873036338,1.723237,1.5315399,19,2,False,1.132637,1.9177735
2010-10-06 20:00:00,0.3264,0.7639369878895962,1.6501069,1.1788597,20,2,False,1.3237069,4.0554743
2010-10-06 22:00:00,2.0092,0.7866936589333928,0.748883,1.0299724,22,2,False,1.2603171,0.6272731
2010-10-07 10:00:00,0.30743334,1.3334810326795825,1.1812419,1.2255106,10,3,False,0.8738085,2.84227
2010-10-07 11:00:00,2.0634665,0.6258722764318527,0.42083514,0.47616696,11,3,False,1.6426314,0.7960543
2010-10-07 21:00:00,2.6905668,2.16855028853943,1.8220551,1.7351454,21,3,False,0.8685117,0.3227988
2010-10-08 12:00:00,1.4639,0.9968523304523231,0.6599278,0.6826689,12,4,False,0.8039722,0.54919887
2010-10-09 07:00:00,2.2699666,1.0470942694639256,1.3349988,1.5479856,7,5,True,0.93496776,0.41188613
2010-10-09 13:00:00,1.6798333,0.8076928424239885,0.85622954,0.92030656,13,5,True,0.82360375,0.49028897
2010-10-09 17:00:00,1.1672666,1.824024633391697,2.0321827,2.2554753,17,5,True,0.8649161,0.7409756
2010-10-10 11:00:00,2.3828666,1.0751764665867278,0.9813747,0.9901034,11,6,True,1.4014919,0.5881537
2010-10-10 19:00:00,3.4918,1.6786533530451546,2.5900743,2.6858377,19,6,True,0.90172577,0.25824094
2010-10-10 21:00:00,3.9012666,2.672086225478406,2.904204,2.7893229,21,6,True,0.9970627,0.2555741
2010-10-10 22:00:00,1.9866,3.0735344743709723,2.9144278,2.9114058,22,6,True,0.9278277,0.46704304
2010-10-11 07:00:00,2.3788333,0.9584569815228811,1.0214458,1.3425856,7,0,False,1.3573875,0.57061064
2010-10-11 19:00:00,3.0931666,0.8731101020389286,1.0017595,1.1849396,19,0,False,2.091407,0.67613786
2010-10-11 21:00:00,3.043,1.9152177250362463,1.6460286,1.6952703,21,0,False,1.3969713,0.459077
2010-10-12 11:00:00,0.94886667,1.6643112645522153,1.7067543,1.5758874,11,1,False,0.75788766,0.79872936
2010-10-12 12:00:00,1.8454,1.0763044548689789,0.6306976,0.82145935,12,1,False,1.2147024,0.65823257
2010-10-12 13:00:00,0.8567,1.690267809870729,1.650562,1.5315212,13,1,False,0.79386204,0.9266512
2010-10-12 18:00:00,2.1127334,0.665526729723843,0.67643714,0.7750299,18,1,False,1.4362962,0.67982846
2010-10-12 21:00:00,1.3085667,1.6581069996239424,2.046723,1.8186269,21,1,False,0.7381562,0.5640952
2010-10-13 07:00:00,2.8442667,0.9471777110373225,1.5509287,2.2396665,7,2,False,1.293338,0.45471755
2010-10-13 14:00:00,1.9105,1.5011338050270266,1.1220254,1.108211,14,2,False,0.7884747,0.41270593
2010-10-13 19:00:00,2.0344,1.0418548274652952,1.1274657,1.4410229,19,2,False,0.90693426,0.44579938
2010-10-13 23:00:00,0.37086666,1.7538596004512224,1.2524604,1.2195356,23,2,False,0.8815937,2.3771176
2010-10-14 07:00:00,2.9721,1.1206774886347075,1.6583809,1.9306283,7,3,False,1.3137192,0.44201714
2010-10-14 09:00:00,3.2096,1.5510152897462066,1.5064131,1.4387677,9,3,False,1.7031869,0.53065395
2010-10-14 14:00:00,1.9145,1.2637334049829305,1.0575355,0.94677705,14,3,False,0.85696447,0.4476179
2010-10-14 18:00:00,1.7473333,0.6672893891424494,0.6556869,0.79887545,18,3,False,1.0916464,0.62474996
2010-10-14 19:00:00,4.117767,1.5591852405709168,2.0842142,1.819293,19,3,False,2.0335526,0.4938484
2010-10-14 21:00:00,3.2242,2.335917942040009,2.405391,2.4632847,21,3,False,0.81880903,0.25395727
2010-10-15 20:00:00,1.4465333,1.599249080313525,2.3239334,2.256341,20,4,False,0.87740004,0.6065536
2010-10-16 07:00:00,2.1444,0.918761679206943,1.3152448,1.5026274,7,5,True,0.8291551,0.38666067
2010-10-17 19:00:00,2.0301,0.8197685535999151,0.6688946,0.89837736,19,6,True,1.3612056,0.67051154
2010-10-18 07:00:00,2.4543,0.8549380805096486,1.6924839,1.7303245,7,0,False,0.761816,0.31040055
2010-10-18 09:00:00,3.6570666,2.0580612620816745,1.9029291,1.7950277,9,0,False,1.7541375,0.479657
2010-10-18 11:00:00,2.8090334,2.193374580487888,1.9079375,1.7950463,11,0,False,0.90109587,0.32078505
2010-10-18 12:00:00,3.8364334,2.3437451379354073,2.0609055,1.8885634,12,0,False,1.775528,0.46280694
2010-10-18 13:00:00,3.2431,3.0467565221610724,1.9934454,1.8362287,13,0,False,1.2496545,0.38532716
2010-10-18 15:00:00,0.51806664,1.762902091687728,1.4565024,1.5591087,15,0,False,0.9384358,1.811419
2010-10-18 18:00:00,3.3914666,0.8403712294623967,0.9174043,1.3784765,18,0,False,2.4740624,0.7294963
2010-10-18 19:00:00,3.7569666,2.6830124300958733,2.1618981,2.2817135,19,0,False,1.5950685,0.42456284
2010-10-18 21:00:00,3.3769,2.176804816487957,1.9914126,1.9536448,21,0,False,1.3854873,0.4102838
2010-10-19 07:00:00,2.9890332,1.0270542794563309,1.7438915,2.1424985,7,1,False,1.2451417,0.41657007
2010-10-19 10:00:00,0.5930333,1.6261938096884077,1.6687723,1.4921774,10,1,False,1.075739,1.8139606
2010-10-19 11:00:00,1.8148,0.8235944405039077,0.6131267,0.60985464,11,1,False,1.2016733,0.6621519
2010-10-19 18:00:00,3.5383334,1.1543609441491687,1.4592254,1.5291883,18,1,False,2.079108,0.5875953
2010-10-20 07:00:00,2.8661,0.9424826162718232,1.7706981,2.2611158,7,2,False,1.095402,0.38219252
2010-10-20 13:00:00,0.40853333,1.3805130508800487,1.1712556,1.2140557,13,2,False,0.76272225,1.8669767
2010-10-21 09:00:00,0.31733334,1.209951811539376,1.2558153,1.1104966,9,3,False,0.9384819,2.957401
2010-10-21 18:00:00,1.3011333,0.6325865147887584,0.5564858,0.7683291,18,3,False,0.7446475,0.5723069
2010-10-22 06:00:00,1.7711667,0.6727214954471076,0.74983275,1.2578788,6,4,False,1.0213339,0.5766447
2010-10-22 20:00:00,1.3845,1.3280903463930183,2.1416621,2.0378113,20,4,False,0.7571621,0.54688483
2010-10-23 00:00:00,1.4291667,0.3662437962178887,0.39256775,0.41217065,0,5,True,1.0365989,0.725317
2010-10-23 07:00:00,2.3587334,0.8104115937248635,1.1100774,1.3732245,7,5,True,1.248656,0.5293757
2010-10-23 10:00:00,0.4229,1.3493087486083106,1.271018,1.4977497,10,5,True,0.84811807,2.0054815
2010-10-23 14:00:00,2.6106,1.7094458121701588,1.8120782,1.7458799,14,5,True,0.79852176,0.30587673
2010-10-23 17:00:00,3.2707334,2.1952773441245164,2.2857432,2.1195257,17,5,True,0.9849901,0.30115268
2010-10-23 19:00:00,1.7952666,2.153416877345052,2.623887,2.511994,19,5,True,0.82862043,0.46155843
2010-10-23 21:00:00,3.3083,1.5469565156042502,2.1452265,2.349791,21,5,True,1.1630735,0.3515623
2010-10-23 22:00:00,1.2988334,2.6717442194076404,2.1500494,2.0526428,22,5,True,0.8512161,0.65536976
2010-10-23 23:00:00,2.108,1.3109370138406442,0.828938,1.16926,23,5,True,1.279062,0.6067657
2010-10-24 12:00:00,2.8367333,1.7614455942006892,1.8224266,1.8444785,12,6,True,1.0143068,0.35756156
2010-10-24 14:00:00,3.734,2.4336325743644482,2.537934,2.4523358,14,6,True,1.1960659,0.3203176
2010-10-24 20:00:00,1.3936334,2.1800758813079013,2.235228,2.2033186,20,6,True,0.8415947,0.6038853
2010-10-24 21:00:00,1.0190667,1.3670766968418278,2.0328877,1.8141564,21,6,True,1.013821,0.9948525
2010-10-24 22:00:00,2.3188667,1.1123457594257147,1.5442325,1.274584,22,6,True,0.77463424,0.33405724
2010-10-26 08:00:00,0.68163335,0.7681323603107577,1.5512841,1.3988508,8,1,False,0.8696507,1.2758336
2010-10-26 10:00:00,0.63166666,1.1071930443543183,1.5002079,1.2674135,10,1,False,0.86854124,1.3749993
2010-10-26 11:00:00,3.0101,0.8498824348672593,1.0078704,0.6643191,11,1,False,2.0022295,0.66517043
2010-10-26 12:00:00,1.1093667,2.4788676191887107,2.0485988,1.8695709,12,1,False,0.9392321,0.84663814
2010-10-26 13:00:00,0.40983334,1.1894350199335717,1.1498629,1.0347677,13,1,False,0.7400296,1.8056842
2010-10-27 07:00:00,1.7022667,0.5827068038546688,0.46620208,0.9527135,7,2,False,1.2360647,0.7261287
2010-10-27 12:00:00,0.3977,2.1903655355375125,2.2530446,1.8864695,12,2,False,1.8553445,4.665186
2010-10-28 00:00:00,2.0628,0.6287195236354279,0.65240145,0.66858,0,3,False,1.4103985,0.6837301
2010-10-28 11:00:00,0.36676666,1.3557440371033707,1.361187,1.2941478,11,3,False,0.9944203,2.7113159
2010-10-28 15:00:00,2.2539,1.3872053647001197,1.2027371,1.2148913,15,3,False,1.051163,0.46637514
2010-10-28 18:00:00,1.3175334,1.8145482699816937,2.0769768,1.9660966,18,3,False,0.7594434,0.57641304
2010-10-28 19:00:00,2.4235,1.2667284680764777,1.5221283,1.571303,19,3,False,0.9013717,0.37192973
2010-10-28 20:00:00,0.5319,2.0094380403748877,2.0611224,1.8838058,20,3,False,1.5292225,2.8750188
2010-10-29 07:00:00,0.30616668,0.6583888538083593,1.253718,1.1757132,7,4,False,0.94755137,3.0948873
2010-10-29 08:00:00,0.47936666,0.5529307568046641,1.4123797,0.9624688,8,4,False,0.9330131,1.9463453
2010-10-29 13:00:00,0.82213336,1.1484962815643458,1.7102177,1.4943947,13,4,False,0.88808435,1.0802194
2010-10-30 00:00:00,1.6557,1.0661077773012146,0.81710136,0.6338246,0,5,True,0.8385986,0.5064919
2010-10-30 11:00:00,3.1332333,1.0101628641747702,1.0230173,1.0796016,11,5,True,2.1102161,0.67349476
2010-10-30 12:00:00,0.905,2.6248132664102517,2.450247,1.957564,12,5,True,1.5452471,1.7074554
2010-10-31 05:00:00,2.9103,1.2998078559069604,1.3958915,1.4566582,5,6,True,1.5144085,0.52036166
2010-10-31 07:00:00,0.3292,1.690080841994023,1.0902191,1.1584059,7,6,True,0.7610191,2.3117228
2010-10-31 15:00:00,0.5956,1.5324624759587673,1.3744373,1.4184624,15,6,True,0.7788373,1.3076516
2010-10-31 23:00:00,2.038,1.328591399487565,0.9864552,1.1688269,23,6,True,1.0515449,0.51596904
2010-11-01 13:00:00,1.8742666,0.9287050480009853,0.96841747,0.83022773,13,0,False,0.90584916,0.48330858
2010-11-01 18:00:00,0.6616333,1.3703985662784022,1.5048484,1.3446262,18,0,False,0.84321505,1.2744447
2010-11-02 04:00:00,1.4277333,0.42559694514760155,0.50608474,0.5208028,4,1,False,0.92164856,0.6455327
2010-11-02 23:00:00,2.2864666,1.3341995366256207,1.1982408,1.0334114,23,1,False,1.0882258,0.47594216
2010-11-03 00:00:00,0.6133,1.642787166196206,1.4335904,0.97813445,0,2,False,0.8202904,1.3375026
2010-11-03 21:00:00,3.1431668,1.455140600037585,1.9658203,2.1235003,21,2,False,1.1773465,0.37457335
2010-11-03 22:00:00,0.8998,2.4923772613538855,1.9773028,2.1320863,22,2,False,1.0775027,1.1974914
2010-11-04 07:00:00,2.2722,0.8624505820429857,1.4111822,1.6927979,7,3,False,0.86101794,0.37893578
2010-11-04 08:00:00,4.4189,1.8892588168930518,2.0829659,2.0637133,8,3,False,2.3359342,0.52862346
2010-11-04 10:00:00,3.6266334,1.926540583762848,2.1210938,1.7928934,10,3,False,1.5055397,0.41513422
2010-11-04 11:00:00,3.2412667,2.8812675539085895,2.34122,2.161166,11,3,False,0.9000468,0.27768368
2010-11-04 13:00:00,2.1523,1.8580405312671795,1.1141034,1.484216,13,3,False,1.0381964,0.48236609
2010-11-04 19:00:00,4.0537667,1.5210153842926002,2.3291082,2.3952324,19,3,False,1.7246585,0.4254459
2010-11-04 20:00:00,4.4626,3.1156011363138374,2.875669,2.9473238,20,3,False,1.5869312,0.35560685
2010-11-05 07:00:00,2.7622,0.8150767711068788,1.5525479,1.8282108,7,4,False,1.2096522,0.43793067
2010-11-06 07:00:00,2.6104333,0.8218464343168227,1.3407977,1.6343665,7,5,True,1.2696357,0.4863697
2010-11-06 11:00:00,2.4701333,1.2954328695197432,1.215948,1.3589157,11,5,True,1.2541853,0.50773996
2010-11-06 15:00:00,1.8849,0.8571352227770849,0.7410319,0.66360635,15,5,True,1.1438681,0.6068588
2010-11-08 07:00:00,2.6106668,0.9460988056461987,1.5621393,2.2185776,7,0,False,1.0485275,0.40163207
2010-11-08 13:00:00,2.0889332,1.4610879674976096,1.2228721,1.2278131,13,0,False,0.8660611,0.41459492
2010-11-09 06:00:00,1.6285,0.5424173292810854,0.6877068,1.1581113,6,1,False,0.94079316,0.5777053
2010-11-09 17:00:00,2.2828,0.8464381145224453,0.955519,0.96677166,17,1,False,1.327281,0.58142674
2010-11-09 18:00:00,2.8098333,1.9365398196514376,1.9696796,2.0807045,18,1,False,0.8401537,0.29900482
2010-11-09 20:00:00,3.7867,2.00457130490725,1.9250985,2.1473894,20,1,False,1.8616015,0.49161577
2010-11-10 07:00:00,2.8744333,0.8292366069799658,1.7004158,2.0471501,7,2,False,1.1740174,0.4084344
2010-11-10 10:00:00,3.372,1.613231317592815,1.5477257,1.5195501,10,2,False,1.8242743,0.5410066
2010-11-10 11:00:00,3.2857332,2.709695713775299,2.2162566,1.7792262,11,2,False,1.0694766,0.325491
2010-11-10 13:00:00,2.4002333,1.4347707847921183,1.2531545,1.1610794,13,2,False,1.1470788,0.47790304
2010-11-10 19:00:00,0.96316665,1.5656900827789757,1.8608588,2.151173,19,2,False,0.89769214,0.9320216
2010-11-10 20:00:00,0.39333335,1.0142999843258567,1.4283262,1.5513313,20,2,False,1.0349929,2.631338
2010-11-11 08:00:00,0.8163,0.782668075737577,1.6114783,1.2128596,8,3,False,0.79517835,0.97412515
2010-11-11 11:00:00,2.6264334,1.3846437229582986,1.5103806,1.4114156,11,3,False,1.1160527,0.42493093
2010-11-11 15:00:00,2.8895,1.5896421039407271,1.6330931,1.3820171,15,3,False,1.2564068,0.4348181
2010-11-11 21:00:00,0.8788,1.6169139815298341,1.7025918,1.5732633,21,3,False,0.8237918,0.93740535
2010-11-12 07:00:00,2.694,0.7543580817965319,1.3225926,1.7312634,7,4,False,1.3714074,0.5090599
2010-11-12 17:00:00,2.4561,1.3186709658605782,1.425265,1.6667101,17,4,False,1.030835,0.41970402
2010-11-13 07:00:00,2.1326,0.7728995043460611,1.2388971,1.4074432,7,5,True,0.893703,0.41906732
2010-11-13 10:00:00,0.42203334,0.9578953856735342,1.1793317,1.0845768,10,5,True,0.75729835,1.794404
2010-11-13 18:00:00,1.7153,2.3244756410426057,2.5354562,2.47394,18,5,True,0.8201562,0.47814158
2010-11-13 19:00:00,2.2923334,1.5997845880196886,1.2086974,1.653785,19,5,True,1.0836359,0.4727218
2010-11-14 15:00:00,4.1565666,1.4954947453933563,1.4734085,1.515266,15,6,True,2.6831582,0.6455227
2010-11-14 19:00:00,1.4889333,2.0534703831929852,2.4981778,2.8923998,19,6,True,1.0092444,0.6778305
2010-11-15 07:00:00,2.6275334,0.9075173747470952,1.6323545,2.0908866,7,0,False,0.99517894,0.37875023
2010-11-15 12:00:00,3.3210666,1.3684842660213108,1.3032448,1.2546699,12,0,False,2.0178218,0.60758245
2010-11-15 14:00:00,0.42953333,2.342472844976058,1.5513625,1.7400043,14,0,False,1.1218292,2.6117394
2010-11-15 20:00:00,2.9928,1.436003118491179,1.9313686,1.9710913,20,0,False,1.0614314,0.35466164
2010-11-16 07:00:00,2.4552333,1.1444349541045586,1.6601876,2.6190484,7,1,False,0.79504573,0.32381678
2010-11-16 22:00:00,0.7507,2.0768646279696488,1.6055905,1.4795814,22,1,False,0.85489047,1.1387911
2010-11-17 07:00:00,2.7571332,0.9410116166629653,1.2776717,2.0746799,7,2,False,1.4794616,0.53659415
2010-11-17 08:00:00,1.4536667,2.2209240181227288,2.5561004,2.1373558,8,2,False,1.1024337,0.7583813
2010-11-18 07:00:00,2.6866667,0.9685778690370512,1.4050403,1.6948278,7,3,False,1.2816265,0.47703218
2010-11-18 18:00:00,2.7284334,0.773011712537215,1.071165,1.076284,18,3,False,1.6572684,0.6074066
2010-11-20 07:00:00,2.6342332,0.9101913334067746,1.1128175,1.5602677,7,5,True,1.5214157,0.5775554
2010-11-20 11:00:00,2.6911333,1.3583063124664307,1.376533,1.3434813,11,5,True,1.3146002,0.48849317
2010-11-20 12:00:00,1.1306,2.320837537876442,1.903436,1.7977691,12,5,True,0.77283597,0.6835627
2010-11-20 18:00:00,5.6268334,1.666980920934897,1.8870039,1.9884543,18,5,True,3.7398295,0.664642
2010-11-21 07:00:00,2.0713,0.6025006015835358,0.54947525,0.99245054,7,6,True,1.5218248,0.73471963
2010-11-21 10:00:00,0.2681,1.3382515123595868,1.2674019,1.3723016,10,6,True,0.9993019,3.7273479
2010-11-22 07:00:00,2.137,0.9629966104785516,0.81584525,1.9257534,7,0,False,1.3211548,0.61822873
2010-11-22 08:00:00,2.5902333,1.802341278967012,1.7579451,1.6113601,8,0,False,0.83228827,0.32131788
2010-11-22 10:00:00,3.1053667,1.3726765920332555,1.3879669,1.3459793,10,0,False,1.7173998,0.55304253
2010-11-22 18:00:00,3.1683,0.8243159499780989,1.0162904,1.0688478,18,0,False,2.1520095,0.67923164
2010-11-22 20:00:00,1.5825334,2.124322156407166,2.432415,2.4825258,20,0,False,0.84988165,0.5370387
2010-11-23 07:00:00,2.5486,0.7453972622715616,1.168018,1.7417413,7,1,False,1.380582,0.5417021
2010-11-23 08:00:00,1.7040666,2.0807208546111076,2.4511523,1.9599793,8,1,False,0.7470857,0.4384134
2010-11-23 14:00:00,1.5486333,0.9952835957478139,0.6802869,0.79653263,14,1,False,0.86834645,0.56071794
2010-11-24 07:00:00,2.8502333,0.8751895634770757,1.1755701,2.129797,7,2,False,1.6746632,0.587553
2010-11-24 08:00:00,1.5541667,2.2842737750311337,2.6058617,2.051871,8,2,False,1.051695,0.6766938
2010-11-24 17:00:00,1.9389334,0.9902703367900082,0.9888293,1.1048405,17,2,False,0.95010406,0.49001378
2010-11-25 07:00:00,2.6271334,0.9648354021949864,1.4502996,2.1492455,7,3,False,1.1768337,0.44795355
2010-11-25 08:00:00,1.6294,2.130772677100961,2.603908,2.0333595,8,3,False,0.97450805,0.59807783
2010-11-26 07:00:00,2.8839333,0.9941481390953694,1.3239865,2.1650186,7,4,False,1.5599468,0.54090947
2010-11-26 20:00:00,1.1637,1.4846194923709652,1.9030818,1.8326116,20,4,False,0.7393818,0.6353715
